iteration,uACC,NMI,ARS
1,0.16,0.019857382991388294,-0.008994379986031009
mean,0.16,0.019857382991388294,-0.008994379986031009
std,0.0,0.0,0.0
