iteration,uACC,NMI,ARS
0,0.3249198717948718,0.2974064119317825,0.16677801889403499
1,0.27691449175824173,0.25669355378788655,0.12515683728665603
mean,0.3009171817765568,0.2770499828598345,0.14596742809034552
std,0.024002690018315037,0.020356429071947985,0.02081059080368948
