iteration,uACC,NMI,ARS
1,0.19112007783882784,0.1706133870001527,-0.17376299376086046
mean,0.19112007783882784,0.1706133870001527,-0.17376299376086046
std,0.0,0.0,0.0
