iteration,uACC,NMI,ARS
1,0.34450835622710624,0.3124251856194935,0.16642473909353817
mean,0.34450835622710624,0.3124251856194935,0.16642473909353817
std,0.0,0.0,0.0
