iteration,uACC,NMI,ARS
0,0.37102220695970695,0.3299324743100253,0.2076916216553968
1,0.32822516025641024,0.26351401699037746,0.13510127504054154
mean,0.3496236836080586,0.29672324565020136,0.1713964483479692
std,0.021398523351648352,0.033209228659823925,0.03629517330742764
