iteration,uACC,NMI,ARS
1,0.10501087454212454,0.0002556818032828591,-9.556552221509901e-06
mean,0.10501087454212454,0.0002556818032828591,-9.556552221509901e-06
std,0.0,0.0,0.0
